stable,,very stable,,other,
X,Y,X,Y,X,Y
0,-0.00313306451612938,0,-0.00313306451612938,0,-0.00313306451612938
10.451612903225794,0.14752016129032208,10.451612903225794,0.15502016129032192,10.451612903225794,0.12877016129032182
20.709677419354847,0.23816129032258004,20.51612903225802,0.2981491935483871,20.709677419354847,0.19316129032258011
31.16129032258064,0.32506451612903176,31.16129032258064,0.3888145161290315,31.16129032258064,0.25756451612903186
41.419354838709666,0.37445564516128993,41.419354838709666,0.45695564516128995,41.419354838709666,0.2994556451612902
51.67741935483869,0.4125967741935477,51.87096774193546,0.5063588709677411,52.25806451612905,0.33013306451612845
62.32258064516125,0.43576209677419264,62.32258064516125,0.5407620967741931,62.51612903225802,0.35702419354838666
